{"('0', '2', '0000')": [1.7719011870236185, -2.220446049250313e-16, 1.9999999999999996, -2.220446049250313e-16], "('0', '2', '0001')": [1.9999999999999996, -2.220446049250313e-16, 1.9999999999999996, -49.890387559612584], "('0', '2', '0010')": [1.9999999999999996, -2.220446049250313e-16, -0.99993439, -2.220446049250313e-16], "('0', '2', '0011')": [1.9999999999999996, 0, 0, 0], "('0', '2', '0100')": [1.9999999999999996, -49.99911426499624, 1.9999999999999996, -2.220446049250313e-16], "('0', '2', '0101')": [1.9996144056468825, -0.973, 1.9999999999999996, -0.973], "('0', '2', '0110')": [1.9999999999999996, 0, 0, -2.220446049250461e-16], "('0', '2', '0111')": [1.9999999999999967, 0, 0, 0], "('0', '2', '1000')": [-3.7919, -2.220446049250313e-16, 1.9999999999999996, -2.2204460492503146e-16], "('0', '2', '1001')": [-0.7, -0.9099999999999999, 1.9999999999999996, 0], "('0', '2', '1010')": [-35.29999999998954, -1.418857912512795, -3.799999999965132, -1.155], "('0', '2', '1011')": [-0.9999940950999999, -1.2915, -0.9999940950999999, -0.9999940950999999], "('0', '2', '1100')": [-0.7, -0.7, 1.9999999999999996, 0], "('0', '2', '1101')": [-0.7, -0.7, 1.9999999999999996, 0], "('0', '2', '1110')": [-0.99993439, -0.99993439, -0.9997813, -1.2721382550832185], "('0', '2', '1111')": [-0.9099999999999999, -0.9099999999999999, -0.9099999999999999, -0.7], "('0', '3', '0000')": [1.9999999999999996, -2.220446049250313e-16, -2.220446049250313e-16, 1.9999999999999996], "('0', '3', '0001')": [1.9999999999999996, -2.220446049250313e-16, -2.220446049250313e-16, -36.391999468559], "('0', '3', '0010')": [1.9999999999999996, -2.220446049250313e-16, -4.639999999999059, 1.9999999999999996], "('0', '3', '0011')": [1.9999999999999996, 0, -0.9099999999999999, 0], "('0', '3', '0100')": [1.9999999999999996, -49.99999980628973, -2.220446049250313e-16, 1.9999999999999996], "('0', '3', '0101')": [1.9999999999999996, 0, -2.2204460491728908e-16, -0.9099999999999999], "('0', '3', '0110')": [1.9999999999999996, -35.62753439, -0.9919, 1.9999999999999996], "('0', '3', '0111')": [1.9999999999999996, 0, 0, 0], "('0', '3', '1000')": [-0.9919, -2.220446049250313e-16, -2.220446049250313e-16, 1.9999999999999996], "('0', '3', '1001')": [-1.0, -1.454999468559, -1.1554137183938922, -1.0], "('0', '3', '1010')": [-0.7, -0.034770791595398365, -0.7, 1.9999999999999996], "('0', '3', '1011')": [-0.9919, -1.1550000001262395, -0.9919, -0.9919], "('0', '3', '1100')": [-0.7, -0.7, -2.0206059048177847e-16, 1.9999999999999996], "('0', '3', '1101')": [-0.99993439, -0.9997813, -1.155, -0.9997813], "('0', '3', '1110')": [-0.7, -0.7, -0.7, 1.9999999999999996], "('0', '3', '1111')": [-0.973, -0.9099999999999999, -0.9099999999999999, -0.9099999999999999], "('0', 'NA', '0000')": [1.9999999999999996, -7.660266401365856e-15, -2.220446049250313e-16, -2.220446049250313e-16], "('0', 'NA', '0001')": [1.9999999999999996, 0, -2.220446049250313e-16, -35.21], "('0', 'NA', '0010')": [1.9999999999999996, -0.9919, -0.9099999999999999, -2.220446049250313e-16], "('0', 'NA', '0011')": [1.9999999999999996, 0, 0, -3.5], "('0', 'NA', '0100')": [1.9999999999999996, -49.89038755999998, -2.220446049250313e-16, -2.220446049250313e-16], "('0', 'NA', '0101')": [1.9999999999999996, -0.7, 0, -0.7], "('0', 'NA', '0110')": [1.9999999999999996, 0, 0, 0], "('0', 'NA', '0111')": [1.9986814602690104, 0, 0, 0], "('0', 'NA', '1000')": [-3.71, -0.999980317, -2.220446052503732e-16, -0.18975609010757258], "('0', 'NA', '1001')": [-0.9999999998837739, -0.9999999999896282, -1.2915668314328594, -0.9999999998837739], "('0', 'NA', '1010')": [-0.7, -0.9100000016179831, -0.7, -9.049016343817919e-06], "('0', 'NA', '1011')": [-0.9099999999999999, -0.9099999999999999, -0.7, -0.7], "('0', 'NA', '1100')": [-0.99999822853, -0.9999940950999999, -1.459499572189995, -1.4038736251368036], "('0', 'NA', '1101')": [-0.7, -0.7, 0, 0], "('0', 'NA', '1110')": [-0.7, -0.7, -0.7, -4.183884110819928e-11], "('0', 'NA', '1111')": [-0.7, -0.7, 0, 0], "('1', '2', '0000')": [-2.220446049250313e-16, 1.9999999999999996, 1.9999999999999996, -2.220446049250313e-16], "('1', '2', '0001')": [-2.220446049250313e-16, 1.9999999999999996, 1.9999999999999996, -36.13999999569533], "('1', '2', '0010')": [-2.220446049250313e-16, 1.9999999999999996, -0.9997813, -2.220446049250313e-16], "('1', '2', '0011')": [-2.220446049250313e-16, 1.9999999999999996, 0, 0], "('1', '2', '0100')": [-2.220446049250313e-16, -3.71, 1.9999999999999996, -2.220446049250313e-16], "('1', '2', '0101')": [-0.9099999999999999, -0.9099999999999999, 1.9999999999999996, 0], "('1', '2', '0110')": [-1.40595, -0.9999999956953279, -0.9999999956953279, -1.2314400000000014], "('1', '2', '0111')": [-1.1894988937453048e-07, -0.9099999999999999, -0.9099999999999999, -0.9099999999999999], "('1', '2', '1000')": [-49.99997608501553, 1.9999999999999996, 1.9999999999999996, -2.220446049250313e-16], "('1', '2', '1001')": [-0.973, 1.9999999999999996, 1.9999999999999991, -0.7], "('1', '2', '1010')": [-0.7, 1.9999999999999996, 0, 0], "('1', '2', '1011')": [-0.7, 1.9999999999999898, 0, 0], "('1', '2', '1100')": [-0.7, -0.7, 1.9999999999999707, 0], "('1', '2', '1101')": [-0.7, -0.7, 1.9999999999999996, 0], "('1', '2', '1110')": [-0.9099999999999999, -0.7, -0.7, -1.155], "('1', '2', '1111')": [-0.9099999999999999, -0.9099999999999999, -0.9099999999999999, -0.9099999999999999], "('1', '3', '0000')": [-2.220446049250313e-16, 1.9999999999999996, -2.220446049250313e-16, 1.9999999999999996], "('1', '3', '0001')": [-2.220446049250313e-16, 1.9999999999999996, -2.220446049250313e-16, -36.46753439], "('1', '3', '0010')": [-2.220446049250313e-16, 1.9999999999999996, -36.1399998405677, 1.9999999999999996], "('1', '3', '0011')": [-2.2745357085628985e-16, 1.9999999999999996, 0, 0], "('1', '3', '0100')": [-2.220446049250313e-16, -3.7919, -2.220446049250313e-16, 1.99999999999971], "('1', '3', '0101')": [-1.3126515307438598, -0.9999999987085983, -1.4258949708924413, -0.9999999987085983], "('1', '3', '0110')": [-0.9099999999999999, -0.9099999999999999, -0.7, 1.9999999999999996], "('1', '3', '0111')": [-1.1665743398341049, -0.999271, -0.999271, -0.9975700000000001], "('1', '3', '1000')": [-49.999976085155, 1.9999999999999996, -2.220446049250313e-16, 1.9999999999999996], "('1', '3', '1001')": [-0.7, 1.9999999999999996, 0, 0], "('1', '3', '1010')": [-0.999271, 1.9999999999999996, -0.9975700000000001, 1.9999999999999996], "('1', '3', '1011')": [-0.7, 1.9999999999999951, 0, 0], "('1', '3', '1100')": [-0.7, -0.7, -2.220446049250313e-16, 1.9999999999999996], "('1', '3', '1101')": [-0.9999999999990585, -0.9999999999990585, -1.332450000000022, -0.9999999999968618], "('1', '3', '1110')": [-0.7, -0.7, -0.7, 1.999999999998043], "('1', '3', '1111')": [-0.9099999999999999, -0.7, -0.7, -0.7], "('1', 'NA', '0000')": [-2.220446049250313e-16, 1.9999999999999996, -2.220446049250313e-16, -2.220446049250313e-16], "('1', 'NA', '0001')": [-0.9999999999895397, 1.9999999999999996, -2.2204460491728908e-16, -35.21], "('1', 'NA', '0010')": [-0.9999999998837739, 1.9999999999935596, -0.7, -2.2204460463828254e-16], "('1', 'NA', '0011')": [-0.973, 1.9999999999999996, 0, 0], "('1', 'NA', '0100')": [-0.9099999999999999, -0.9099999999999999, -2.220446049250313e-16, -0.5735220993060924], "('1', 'NA', '0101')": [-1.0001963692038784, -0.999999985651093, -1.0000000000011828, -0.99999995217031], "('1', 'NA', '0110')": [-0.9976636226178537, -0.999271, -0.9975700000000001, -1.2527088226565712], "('1', 'NA', '0111')": [-0.9100000000182035, -0.7, -0.7, -0.7], "('1', 'NA', '1000')": [-4.891999999996862, 1.9999999999999996, -2.220446049250313e-16, -5.617703553230562e-08], "('1', 'NA', '1001')": [-0.7, 1.9999999999999996, 0, -0.7], "('1', 'NA', '1010')": [-0.7, 1.9980057541136724, 0, 0], "('1', 'NA', '1011')": [-0.7, 1.9999999998759646, 0, 0], "('1', 'NA', '1100')": [-0.9999999956953279, -0.9999999956953279, -1.4372986198880913, -1.3038480000000097], "('1', 'NA', '1101')": [-0.7, -0.7, -6.310759439783321e-08, -0.7],